,PER,PBR
2018-01-02,13.06,1.12
2018-01-03,13.09,1.12
2018-01-04,12.99,1.11
2018-01-05,13.15,1.12
2018-01-08,13.23,1.13
2018-01-09,13.21,1.13
2018-01-10,13.15,1.12
2018-01-11,13.09,1.12
2018-01-12,13.13,1.12
2018-01-15,13.16,1.12
2018-01-16,13.26,1.13
2018-01-17,13.23,1.13
2018-01-18,13.23,1.13
2018-01-19,13.25,1.13
2018-01-22,13.16,1.12
2018-01-23,13.34,1.14
2018-01-24,13.34,1.14
2018-01-25,13.47,1.15
2018-01-26,13.53,1.16
2018-01-29,13.66,1.17
2018-01-30,13.49,1.15
2018-01-31,13.50,1.15
2018-02-01,13.52,1.15
2018-02-02,13.29,1.14
2018-02-05,13.12,1.12
2018-02-06,12.91,1.10
2018-02-07,12.61,1.08
2018-02-08,12.66,1.08
2018-02-09,12.67,1.08
2018-02-12,12.79,1.09
2018-02-13,12.84,1.10
2018-02-14,12.99,1.11
2018-02-19,13.10,1.12
2018-02-20,12.95,1.11
2018-02-21,13.03,1.11
2018-02-22,12.95,1.11
2018-02-23,13.15,1.12
2018-02-26,13.18,1.13
2018-02-27,13.17,1.13
2018-02-28,13.02,1.11
2018-03-02,12.89,1.10
2018-03-05,12.74,1.09
2018-03-06,12.94,1.11
2018-03-07,12.90,1.10
2018-03-08,13.06,1.12
2018-03-09,13.21,1.13
2018-03-12,13.34,1.14
2018-03-13,13.39,1.15
2018-03-14,13.35,1.14
2018-03-15,13.38,1.14
2018-03-16,13.37,1.15
2018-03-19,13.27,1.14
2018-03-20,13.31,1.14
2018-03-21,13.31,1.14
2018-03-22,13.37,1.15
2018-03-23,12.96,1.11
2018-03-26,13.08,1.12
2018-03-27,13.16,1.13
2018-03-28,12.98,1.11
2018-03-29,13.07,1.12
2018-03-30,13.10,1.12
2018-04-02,13.09,1.12
2018-04-03,13.08,1.12
2018-04-04,12.90,1.11
2018-04-05,13.06,1.12
2018-04-06,13.01,1.12
2018-04-09,13.09,1.12
2018-04-10,13.13,1.12
2018-04-11,13.09,1.12
2018-04-12,13.08,1.12
2018-04-13,13.17,1.13
2018-04-16,13.18,1.13
2018-04-17,13.16,1.13
2018-04-18,13.31,1.14
2018-04-19,13.34,1.14
2018-04-20,13.29,1.14
2018-04-23,13.27,1.14
2018-04-24,13.22,1.13
2018-04-25,13.14,1.13
2018-04-26,13.28,1.14
2018-04-27,13.37,1.15
2018-04-30,13.50,1.16
2018-05-02,12.00,1.14
2018-05-03,11.91,1.14
2018-05-04,11.79,1.12
2018-05-08,11.73,1.12
2018-05-09,11.71,1.12
2018-05-10,11.80,1.13
2018-05-11,11.87,1.13
2018-05-14,11.86,1.13
2018-05-15,11.78,1.12
2018-05-16,11.78,1.12
2018-05-17,11.73,1.12
2018-05-18,11.79,1.12
2018-05-21,11.81,1.13
2018-05-23,11.84,1.13
2018-05-24,11.81,1.13
2018-05-25,11.79,1.12
2018-05-28,11.88,1.13
2018-05-29,11.77,1.12
2018-05-30,11.54,1.10
2018-05-31,11.61,1.11
2018-06-01,11.69,1.11
2018-06-04,11.73,1.12
2018-06-05,11.69,1.11
2018-06-07,11.77,1.11
2018-06-08,11.68,1.11
2018-06-11,11.77,1.11
2018-06-12,11.74,1.11
2018-06-14,11.51,1.09
2018-06-15,11.42,1.08
2018-06-18,11.29,1.07
2018-06-19,11.12,1.05
2018-06-20,11.23,1.06
2018-06-21,11.11,1.05
2018-06-22,11.20,1.06
2018-06-25,11.20,1.06
2018-06-26,11.17,1.06
2018-06-27,11.13,1.06
2018-06-28,11.00,1.04
2018-06-29,11.05,1.05
2018-07-02,10.79,1.02
2018-07-03,10.80,1.02
2018-07-04,10.76,1.02
2018-07-05,10.73,1.02
2018-07-06,10.80,1.02
2018-07-09,10.86,1.03
2018-07-10,10.90,1.03
2018-07-11,10.84,1.03
2018-07-12,10.86,1.03
2018-07-13,10.98,1.04
2018-07-16,10.91,1.03
2018-07-17,10.89,1.03
2018-07-18,10.86,1.03
2018-07-19,10.82,1.03
2018-07-20,10.86,1.03
2018-07-23,10.77,1.02
2018-07-24,10.82,1.03
2018-07-25,10.78,1.02
2018-07-26,10.86,1.03
2018-07-27,10.89,1.03
2018-07-30,10.88,1.03
2018-07-31,10.89,1.03
2018-08-01,10.94,1.04
2018-08-02,10.77,1.02
2018-08-03,10.85,1.03
2018-08-06,10.84,1.03
2018-08-07,10.90,1.03
2018-08-08,10.91,1.03
2018-08-09,10.92,1.04
2018-08-10,10.82,1.03
2018-08-13,10.66,1.01
2018-08-14,10.71,1.02
2018-08-16,10.62,1.01
2018-08-17,10.65,1.01
2018-08-20,10.66,1.01
2018-08-21,10.76,1.02
2018-08-22,10.78,1.02
2018-08-23,10.82,1.03
2018-08-24,10.87,1.03
2018-08-27,10.90,1.03
2018-08-28,10.92,1.04
2018-08-29,10.95,1.04
2018-08-30,10.94,1.04
2018-08-31,11.01,1.04
2018-09-03,10.94,1.04
2018-09-04,10.98,1.04
2018-09-05,10.86,1.03
2018-09-06,10.84,1.03
2018-09-07,10.82,1.03
2018-09-10,10.97,1.01
2018-09-11,10.94,1.00
2018-09-12,10.94,1.00
2018-09-13,10.95,1.00
2018-09-14,11.11,1.02
2018-09-17,11.03,1.01
2018-09-18,11.07,1.02
2018-09-19,11.07,1.02
2018-09-20,11.14,1.02
2018-09-21,11.22,1.03
2018-09-27,11.29,1.04
2018-09-28,11.24,1.03
2018-10-01,11.22,1.03
2018-10-02,11.07,1.02
2018-10-04,10.91,1.00
2018-10-05,10.87,1.00
2018-10-08,10.81,0.99
2018-10-10,10.69,0.98
2018-10-11,10.21,0.94
2018-10-12,10.37,0.95
2018-10-15,10.29,0.94
2018-10-16,10.29,0.94
2018-10-17,10.40,0.95
2018-10-18,10.30,0.95
2018-10-19,10.34,0.95
2018-10-22,10.37,0.95
2018-10-23,10.10,0.93
2018-10-24,10.06,0.92
2018-10-25,9.90,0.91
2018-10-26,9.73,0.89
2018-10-29,9.58,0.88
2018-10-30,9.67,0.89
2018-10-31,9.74,0.89
2018-11-01,9.72,0.89
2018-11-02,10.06,0.92
2018-11-05,9.97,0.91
2018-11-06,10.03,0.92
2018-11-07,9.98,0.92
2018-11-08,10.05,0.92
2018-11-09,10.01,0.92
2018-11-12,9.99,0.92
2018-11-13,9.94,0.91
2018-11-14,9.93,0.91
2018-11-15,10.03,0.92
2018-11-16,10.05,0.92
2018-11-19,10.09,0.93
2018-11-20,10.00,0.92
2018-11-21,9.97,0.91
2018-11-22,9.94,0.91
2018-11-23,9.88,0.91
2018-11-26,10.00,0.92
2018-11-27,10.08,0.92
2018-11-28,10.12,0.93
2018-11-29,10.15,0.93
2018-11-30,10.07,0.92
2018-12-03,10.24,0.94
2018-12-04,10.16,0.93
2018-12-05,10.10,0.93
2018-12-06,9.94,0.91
2018-12-07,9.89,0.89
2018-12-10,9.79,0.88
2018-12-11,9.78,0.88
2018-12-12,9.78,0.88
2018-12-13,9.84,0.89
2018-12-14,9.72,0.88
2018-12-17,9.73,0.88
2018-12-18,9.69,0.88
2018-12-19,9.77,0.88
2018-12-20,9.68,0.88
2018-12-21,9.68,0.88
2018-12-24,9.65,0.87
2018-12-26,9.53,0.86
2018-12-27,9.53,0.86
2018-12-28,9.58,0.87
2019-01-02,9.44,0.85
2019-01-03,9.36,0.85
2019-01-04,9.44,0.85
2019-01-07,9.57,0.87
2019-01-08,9.52,0.86
2019-01-09,9.70,0.88
2019-01-10,9.70,0.88
2019-01-11,9.75,0.88
2019-01-14,9.70,0.88
2019-01-15,9.85,0.89
2019-01-16,9.89,0.90
2019-01-17,9.90,0.90
2019-01-18,9.98,0.90
2019-01-21,9.98,0.90
2019-01-22,9.95,0.90
2019-01-23,10.00,0.90
2019-01-24,10.08,0.91
2019-01-25,10.23,0.93
2019-01-28,10.23,0.93
2019-01-29,10.26,0.93
2019-01-30,10.36,0.94
2019-01-31,10.36,0.94
2019-02-01,10.35,0.94
2019-02-07,10.35,0.94
2019-02-08,10.23,0.93
2019-02-11,10.24,0.93
2019-02-12,10.29,0.93
2019-02-13,10.41,0.94
2019-02-14,10.52,0.95
2019-02-15,10.38,0.94
2019-02-18,10.45,0.95
2019-02-19,10.43,0.94
2019-02-20,10.55,0.96
2019-02-21,10.54,0.95
2019-02-22,10.55,0.96
2019-02-25,10.56,0.96
2019-02-26,10.53,0.95
2019-02-27,10.57,0.96
2019-02-28,10.38,0.94
2019-03-04,10.36,0.94
2019-03-05,10.31,0.93
2019-03-06,10.29,0.93
2019-03-07,10.25,0.93
2019-03-08,10.11,0.92
2019-03-11,10.11,0.92
2019-03-12,10.21,0.92
2019-03-13,10.16,0.92
2019-03-14,10.20,0.92
2019-03-15,10.30,0.93
2019-03-18,10.31,0.93
2019-03-19,10.30,0.93
2019-03-20,10.30,0.93
2019-03-21,10.34,0.94
2019-03-22,10.34,0.94
2019-03-25,10.15,0.92
2019-03-26,10.17,0.92
2019-03-27,10.14,0.92
2019-03-28,10.06,0.91
2019-03-29,10.13,0.92
2019-04-01,10.26,0.93
2019-04-02,10.30,0.94
2019-04-03,10.43,0.95
2019-04-04,10.44,0.95
2019-04-05,10.46,0.95
2019-04-08,10.46,0.95
2019-04-09,10.48,0.95
2019-04-10,10.53,0.96
2019-04-11,10.53,0.96
2019-04-12,10.57,0.96
2019-04-15,10.61,0.96
2019-04-16,10.64,0.97
2019-04-17,10.63,0.97
2019-04-18,10.48,0.95
2019-04-19,10.49,0.95
2019-04-22,10.49,0.95
2019-04-23,10.51,0.95
2019-04-24,10.42,0.95
2019-04-25,10.37,0.94
2019-04-26,10.31,0.94
2019-04-29,10.49,0.95
2019-04-30,10.43,0.95
2019-05-02,11.47,0.95
2019-05-03,11.38,0.94
2019-05-07,11.28,0.93
2019-05-08,11.24,0.93
2019-05-09,10.89,0.90
2019-05-10,10.92,0.90
2019-05-13,10.77,0.89
2019-05-14,10.79,0.89
2019-05-15,10.84,0.89
2019-05-16,10.71,0.88
2019-05-17,10.65,0.88
2019-05-20,10.65,0.88
2019-05-21,10.68,0.88
2019-05-22,10.69,0.88
2019-05-23,10.67,0.88
2019-05-24,10.59,0.87
2019-05-27,10.59,0.87
2019-05-28,10.61,0.87
2019-05-29,10.49,0.87
2019-05-30,10.57,0.87
2019-05-31,10.59,0.87
2019-06-03,11.95,0.87
2019-06-04,11.95,0.87
2019-06-05,11.96,0.87
2019-06-07,11.98,0.87
2019-06-10,12.14,0.88
2019-06-11,12.21,0.89
2019-06-12,12.19,0.89
2019-06-13,12.16,0.88
2019-06-14,12.11,0.88
2019-06-17,12.09,0.88
2019-06-18,12.13,0.88
2019-06-19,12.29,0.89
2019-06-20,12.32,0.90
2019-06-21,12.29,0.89
2019-06-24,12.29,0.89
2019-06-25,12.27,0.89
2019-06-26,12.27,0.89
2019-06-27,12.34,0.90
2019-06-28,12.32,0.90
2019-07-01,12.32,0.89
2019-07-02,12.27,0.89
2019-07-03,12.12,0.88
2019-07-04,12.20,0.89
2019-07-05,12.21,0.89
2019-07-08,11.94,0.87
2019-07-09,11.87,0.86
2019-07-10,11.91,0.86
2019-07-11,12.03,0.87
2019-07-12,12.07,0.88
2019-07-15,12.05,0.88
2019-07-16,12.10,0.88
2019-07-17,11.99,0.87
2019-07-18,11.95,0.87
2019-07-19,12.11,0.88
2019-07-22,12.11,0.88
2019-07-23,12.16,0.88
2019-07-24,12.04,0.87
2019-07-25,12.00,0.87
2019-07-26,11.95,0.87
2019-07-29,11.74,0.85
2019-07-30,11.79,0.86
2019-07-31,11.71,0.85
2019-08-01,11.67,0.85
2019-08-02,11.56,0.84
2019-08-05,11.26,0.82
2019-08-06,11.09,0.81
2019-08-07,11.05,0.80
2019-08-08,11.11,0.81
2019-08-09,11.21,0.81
2019-08-12,11.23,0.82
2019-08-13,11.14,0.81
2019-08-14,11.21,0.81
2019-08-16,11.15,0.81
2019-08-19,11.22,0.82
2019-08-20,11.34,0.82
2019-08-21,11.36,0.83
2019-08-22,11.29,0.82
2019-08-23,11.27,0.82
2019-08-26,11.08,0.81
2019-08-27,11.13,0.81
2019-08-28,11.23,0.82
2019-08-29,11.18,0.81
2019-08-30,11.38,0.83
2019-09-02,11.39,0.83
2019-09-03,11.37,0.83
2019-09-04,13.57,0.82
2019-09-05,13.68,0.82
2019-09-06,13.71,0.83
2019-09-09,13.78,0.83
2019-09-10,13.86,0.84
2019-09-11,13.98,0.84
2019-09-16,14.07,0.85
2019-09-17,14.08,0.85
2019-09-18,14.13,0.85
2019-09-19,14.20,0.86
2019-09-20,14.28,0.86
2019-09-23,14.28,0.86
2019-09-24,14.34,0.86
2019-09-25,14.16,0.85
2019-09-26,14.17,0.85
2019-09-27,14.00,0.84
2019-09-30,14.09,0.85
2019-10-01,14.16,0.85
2019-10-02,13.87,0.84
2019-10-04,13.80,0.83
2019-10-07,13.80,0.83
2019-10-08,13.97,0.84
2019-10-10,13.85,0.83
2019-10-11,13.96,0.84
2019-10-14,14.12,0.85
2019-10-15,14.12,0.85
2019-10-16,14.22,0.86
2019-10-17,14.19,0.86
2019-10-18,14.07,0.85
2019-10-21,14.09,0.85
2019-10-22,14.26,0.86
2019-10-23,14.20,0.86
2019-10-24,14.23,0.86
2019-10-25,14.25,0.86
2019-10-28,14.29,0.86
2019-10-29,14.29,0.86
2019-10-30,14.20,0.86
2019-10-31,14.23,0.86
2019-11-01,14.34,0.87
2019-11-04,14.55,0.88
2019-11-05,14.64,0.88
2019-11-06,14.65,0.88
2019-11-07,14.65,0.88
2019-11-08,14.60,0.88
2019-11-11,14.51,0.88
2019-11-12,14.62,0.88
2019-11-13,14.50,0.87
2019-11-14,14.62,0.88
2019-11-15,14.78,0.89
2019-11-18,14.77,0.89
2019-11-19,14.72,0.89
2019-11-20,14.53,0.88
2019-11-21,14.33,0.86
2019-11-22,14.37,0.87
2019-11-25,14.51,0.88
2019-11-26,14.50,0.87
2019-11-27,14.55,0.88
2019-11-28,14.48,0.87
2019-11-29,14.27,0.86
2019-12-02,14.30,0.86
2019-12-03,17.25,0.84
2019-12-04,17.12,0.84
2019-12-05,17.05,0.84
2019-12-06,17.23,0.84
2019-12-09,17.28,0.85
2019-12-10,17.36,0.85
2019-12-11,17.43,0.85
2019-12-12,17.69,0.87
2019-12-13,17.97,0.88
2019-12-16,17.95,0.88
2019-12-17,18.18,0.89
2019-12-18,18.18,0.89
2019-12-19,18.19,0.89
2019-12-20,18.25,0.89
2019-12-23,18.25,0.89
2019-12-24,18.14,0.89
2019-12-26,18.20,0.89
2019-12-27,18.25,0.89
2019-12-30,18.20,0.89
2020-01-02,18.01,0.88
2020-01-03,18.02,0.88
2020-01-06,17.84,0.87
2020-01-07,18.01,0.88
2020-01-08,17.81,0.87
2020-01-09,18.11,0.89
2020-01-10,18.27,0.89
2020-01-13,18.46,0.90
2020-01-14,18.54,0.91
2020-01-15,18.48,0.91
2020-01-16,18.62,0.91
2020-01-17,18.64,0.91
2020-01-20,18.75,0.92
2020-01-21,18.55,0.91
2020-01-22,18.78,0.92
2020-01-23,18.61,0.91
2020-01-28,18.03,0.88
2020-01-29,18.10,0.89
2020-01-30,17.79,0.87
2020-01-31,17.56,0.86
2020-02-03,17.56,0.86
2020-02-04,17.88,0.88
2020-02-05,17.94,0.88
2020-02-06,18.46,0.90
2020-02-07,18.33,0.90
2020-02-10,18.24,0.89
2020-02-11,18.42,0.90
2020-02-12,18.55,0.91
2020-02-13,18.51,0.91
2020-02-14,18.63,0.91
2020-02-17,18.62,0.91
2020-02-18,18.34,0.90
2020-02-19,18.35,0.90
2020-02-20,18.23,0.89
2020-02-21,17.96,0.88
2020-02-24,17.26,0.84
2020-02-25,17.46,0.85
2020-02-26,17.24,0.84
2020-02-27,17.06,0.83
2020-02-28,16.50,0.81
2020-03-02,16.62,0.81
2020-03-03,16.72,0.82
2020-03-04,17.09,0.84
2020-03-05,17.31,0.85
2020-03-06,16.93,0.83
2020-03-09,16.22,0.79
2020-03-10,16.29,0.80
2020-03-11,15.84,0.77
2020-03-12,15.22,0.74
2020-03-13,14.70,0.72
2020-03-16,14.23,0.70
2020-03-17,13.88,0.68
2020-03-18,13.20,0.65
2020-03-19,12.09,0.59
2020-03-20,13.19,0.64
2020-03-23,12.48,0.60
2020-03-24,13.47,0.65
2020-03-25,14.26,0.69
2020-03-26,14.10,0.68
2020-03-27,14.37,0.70
2020-03-30,14.36,0.70
2020-03-31,14.66,0.71
2020-04-01,14.08,0.68
2020-04-02,14.41,0.70
2020-04-03,14.41,0.70
2020-04-06,14.97,0.73
2020-04-07,15.23,0.74
2020-04-08,15.09,0.73
2020-04-09,15.33,0.75
2020-04-10,15.54,0.76
2020-04-13,15.25,0.74
2020-04-14,15.51,0.75
2020-04-16,15.50,0.75
2020-04-17,15.98,0.78
2020-04-20,15.85,0.77
2020-04-21,15.69,0.76
2020-04-22,15.83,0.77
2020-04-23,15.98,0.78
2020-04-24,15.77,0.77
2020-04-27,16.05,0.78
2020-04-28,16.15,0.79
2020-04-29,16.26,0.79
2020-05-04,18.30,0.78
2020-05-06,18.62,0.79
2020-05-07,18.62,0.79
2020-05-08,18.79,0.80
2020-05-11,18.69,0.79
2020-05-12,18.56,0.79
2020-05-13,18.73,0.79
2020-05-14,18.58,0.79
2020-05-15,18.61,0.79
2020-05-18,18.72,0.79
2020-05-19,19.14,0.81
2020-05-20,19.23,0.81
2020-05-21,19.32,0.82
2020-05-22,19.04,0.81
2020-05-25,19.27,0.82
2020-05-26,19.62,0.83
2020-05-27,19.63,0.83
2020-05-28,19.61,0.83
2020-05-29,19.62,0.83
2020-06-01,19.97,0.85
2020-06-02,20.18,0.85
2020-06-03,24.57,0.88
2020-06-04,24.62,0.88
2020-06-05,25.00,0.90
2020-06-08,25.02,0.90
2020-06-09,25.08,0.90
2020-06-10,25.16,0.90
2020-06-11,24.94,0.90
2020-06-12,24.43,0.88
2020-06-15,23.26,0.83
2020-06-16,24.50,0.88
2020-06-17,24.54,0.88
2020-06-18,24.45,0.88
2020-06-19,24.54,0.88
2020-06-22,24.37,0.87
2020-06-23,24.43,0.88
2020-06-24,24.78,0.89
2020-06-25,24.22,0.87
2020-06-26,24.48,0.88
2020-06-29,24.00,0.86
2020-06-30,24.18,0.87
2020-07-01,24.16,0.87
2020-07-02,24.49,0.88
2020-07-03,24.89,0.89
2020-07-06,25.31,0.91
2020-07-07,25.03,0.90
2020-07-08,24.97,0.89
2020-07-09,25.07,0.90
2020-07-10,24.87,0.89
2020-07-13,25.28,0.91
2020-07-14,25.25,0.91
2020-07-15,25.46,0.91
2020-07-16,25.25,0.91
2020-07-17,25.45,0.91
2020-07-20,25.42,0.91
2020-07-21,25.80,0.92
2020-07-22,25.80,0.92
2020-07-23,25.65,0.92
2020-07-24,25.47,0.91
2020-07-27,25.67,0.92
2020-07-28,26.13,0.94
2020-07-29,26.20,0.94
2020-07-30,26.24,0.94
2020-07-31,26.04,0.93
2020-08-03,26.06,0.93
2020-08-04,26.39,0.95
2020-08-05,26.77,0.96
2020-08-06,27.12,0.97
2020-08-07,27.23,0.98
2020-08-10,27.63,0.99
2020-08-11,28.01,1.00
2020-08-12,28.16,1.01
2020-08-13,28.23,1.01
2020-08-14,27.89,1.00
2020-08-18,26.95,0.97
2020-08-19,27.09,0.98
2020-08-20,26.10,0.94
2020-08-21,26.45,0.96
2020-08-24,26.74,0.97
2020-08-25,27.17,0.98
2020-08-26,27.20,0.98
2020-08-27,26.91,0.97
2020-08-28,27.02,0.98
2020-08-31,26.70,0.97
2020-09-01,26.97,0.98
2020-09-02,27.14,0.98
2020-09-03,27.51,0.99
2020-09-04,27.19,0.98
2020-09-07,27.37,0.99
2020-09-08,27.58,1.00
2020-09-09,27.28,0.99
2020-09-10,28.63,0.98
2020-09-11,28.63,0.98
2020-09-14,29.00,0.99
2020-09-15,29.19,0.99
2020-09-16,29.10,0.99
2020-09-17,28.75,0.98
2020-09-18,28.82,0.98
2020-09-21,28.55,0.97
2020-09-22,27.87,0.95
2020-09-23,27.85,0.95
2020-09-24,27.13,0.92
2020-09-25,27.20,0.93
2020-09-28,27.56,0.94
2020-09-29,27.79,0.95
2020-10-05,28.15,0.96
2020-10-06,28.25,0.96
2020-10-07,28.50,0.97
2020-10-08,28.57,0.97
2020-10-12,28.71,0.98
2020-10-13,28.70,0.98
2020-10-14,28.43,0.97
2020-10-15,28.22,0.96
2020-10-16,28.10,0.96
2020-10-19,28.17,0.96
2020-10-20,28.33,0.97
2020-10-21,28.48,0.97
2020-10-22,28.29,0.96
2020-10-23,28.36,0.97
2020-10-26,28.15,0.96
2020-10-27,28.00,0.96
2020-10-28,28.17,0.96
2020-10-29,27.95,0.95
2020-10-30,27.23,0.93
2020-11-02,27.63,0.94
2020-11-03,28.16,0.96
2020-11-04,28.33,0.97
2020-11-05,29.01,0.99
2020-11-06,29.04,0.99
2020-11-09,29.41,1.00
2020-11-10,29.48,1.01
2020-11-11,29.88,1.02
2020-11-12,29.76,1.02
2020-11-13,29.98,1.02
2020-11-16,30.57,1.04
2020-11-17,30.53,1.04
2020-11-18,30.61,1.04
2020-11-19,30.63,1.05
2020-11-20,30.71,1.05
2020-11-23,31.30,1.07
2020-11-24,31.48,1.07
2020-11-25,31.29,1.07
2020-11-26,31.58,1.08
2020-11-27,31.67,1.08
2020-11-30,31.17,1.06
2020-12-01,31.68,1.08
2020-12-02,32.19,1.10
2020-12-03,32.43,1.11
2020-12-04,32.86,1.12
2020-12-07,33.04,1.13
2020-12-08,32.52,1.11
2020-12-09,33.18,1.13
2020-12-10,33.07,1.13
2020-12-11,28.37,1.11
2020-12-14,28.29,1.11
2020-12-15,28.23,1.11
2020-12-16,28.39,1.11
2020-12-17,28.37,1.11
2020-12-18,28.40,1.11
2020-12-21,28.47,1.12
2020-12-22,28.03,1.10
2020-12-23,28.30,1.11
2020-12-24,28.78,1.13
2020-12-28,28.80,1.13
2020-12-29,28.93,1.14
2020-12-30,29.47,1.16
2021-01-04,30.20,1.19
2021-01-05,30.68,1.20
2021-01-06,30.45,1.20
2021-01-07,31.11,1.22
2021-01-08,32.35,1.27
2021-01-11,32.31,1.27
2021-01-12,32.08,1.26
2021-01-13,32.31,1.27
2021-01-14,32.33,1.27
2021-01-15,31.67,1.24
2021-01-18,30.95,1.21
2021-01-19,31.76,1.25
2021-01-20,31.99,1.26
2021-01-21,32.47,1.27
2021-01-22,32.26,1.27
2021-01-25,33.02,1.30
2021-01-26,32.28,1.27
2021-01-27,32.10,1.26
2021-01-28,31.55,1.24
2021-01-29,30.59,1.20
2021-02-01,31.42,1.23
2021-02-02,31.84,1.25
2021-02-03,32.18,1.26
2021-02-04,31.74,1.25
2021-02-05,32.08,1.26
2021-02-08,31.78,1.25
2021-02-09,31.71,1.25
2021-02-10,31.88,1.25
2021-02-15,32.36,1.27
2021-02-16,32.53,1.28
2021-02-17,32.22,1.27
2021-02-18,31.74,1.25
2021-02-19,31.96,1.25
2021-02-22,31.67,1.24
2021-02-23,31.57,1.24
2021-02-24,30.80,1.21
2021-02-25,31.88,1.25
2021-02-26,30.98,1.22
2021-03-02,31.30,1.23
2021-03-03,31.71,1.25
2021-03-04,31.30,1.23
2021-03-05,31.12,1.22
2021-03-08,30.81,1.21
2021-03-09,30.60,1.20
2021-03-10,30.42,1.19
2021-03-11,30.99,1.22
2021-03-12,31.41,1.23
2021-03-15,31.32,1.23
2021-03-16,31.54,1.24
2021-03-17,31.34,1.23
2021-03-18,31.53,1.24
2021-03-19,31.45,1.24
2021-03-22,31.41,1.23
2021-03-23,31.09,1.22
2021-03-24,31.00,1.22
2021-03-25,31.12,1.22
2021-03-26,31.45,1.24
2021-03-29,31.40,1.23
2021-03-30,31.75,1.25
2021-03-31,31.67,1.24
2021-04-01,31.94,1.25
2021-04-02,32.20,1.26
2021-04-05,32.29,1.27
2021-04-06,32.35,1.27
2021-04-07,32.46,1.27
2021-04-08,32.52,1.28
2021-04-09,32.40,1.27
2021-04-12,32.44,1.27
2021-04-13,32.79,1.29
2021-04-14,32.95,1.29
2021-04-15,33.07,1.30
2021-04-16,33.12,1.30
2021-04-19,33.12,1.30
2021-04-20,33.35,1.31
2021-04-21,32.85,1.29
2021-04-22,32.92,1.29
2021-04-23,32.99,1.30
2021-04-26,33.32,1.31
2021-04-27,33.30,1.31
2021-04-28,32.94,1.29
2021-04-29,32.87,1.29
2021-04-30,32.60,1.28
2021-05-03,26.05,1.26
2021-05-04,26.22,1.27
2021-05-06,26.48,1.28
2021-05-07,26.63,1.29
2021-05-10,27.07,1.31
2021-05-11,26.75,1.30
2021-05-12,26.46,1.28
2021-05-13,26.09,1.26
2021-05-14,26.36,1.28
2021-05-17,26.20,1.27
2021-05-18,26.53,1.28
2021-05-20,26.44,1.28
2021-05-21,26.39,1.28
2021-05-24,26.25,1.27
2021-05-25,26.48,1.28
2021-05-26,26.46,1.28
2021-05-27,26.43,1.28
2021-05-28,26.56,1.29
2021-05-31,26.69,1.29
2021-06-01,26.84,1.30
2021-06-02,26.86,1.30
2021-06-03,18.13,1.28
2021-06-04,18.09,1.28
2021-06-07,18.16,1.28
2021-06-08,18.13,1.28
2021-06-09,17.95,1.27
2021-06-10,17.97,1.27
2021-06-11,18.11,1.28
2021-06-14,18.12,1.28
2021-06-15,18.16,1.29
2021-06-16,18.27,1.29
2021-06-17,18.20,1.29
2021-06-18,18.22,1.29
2021-06-21,18.06,1.28
2021-06-22,18.19,1.29
2021-06-23,18.26,1.29
2021-06-24,18.32,1.30
2021-06-25,18.41,1.30
2021-06-28,18.40,1.30
2021-06-29,18.33,1.30
2021-06-30,18.38,1.30
2021-07-01,18.30,1.30
2021-07-02,18.30,1.30
2021-07-05,18.37,1.30
2021-07-06,18.44,1.31
2021-07-07,18.33,1.30
2021-07-08,18.15,1.29
2021-07-09,17.95,1.27
2021-07-12,18.11,1.28
2021-07-13,18.25,1.29
2021-07-14,18.22,1.29
2021-07-15,18.34,1.30
2021-07-16,18.31,1.30
2021-07-19,18.08,1.29
2021-07-20,18.02,1.28
2021-07-21,17.94,1.28
2021-07-22,18.11,1.29
2021-07-23,18.14,1.29
2021-07-26,17.97,1.28
2021-07-27,18.01,1.28
2021-07-28,18.04,1.28
2021-07-29,18.07,1.29
2021-07-30,17.85,1.27
2021-08-02,17.96,1.28
2021-08-03,18.04,1.28
2021-08-04,18.28,1.30
2021-08-05,18.26,1.30
2021-08-06,18.23,1.30
2021-08-09,18.43,1.31
2021-08-10,18.34,1.30
2021-08-11,18.31,1.31
2021-08-12,18.24,1.30
2021-08-13,18.02,1.29
2021-08-17,17.86,1.28
2021-08-18,17.94,1.28
2021-08-19,17.60,1.26
2021-08-20,17.39,1.24
2021-08-23,17.57,1.26
2021-08-24,17.84,1.28
2021-08-25,17.89,1.28
2021-08-26,17.78,1.27
2021-08-27,17.82,1.27
2021-08-30,17.88,1.28
2021-08-31,18.20,1.30
2021-09-01,18.24,1.30
2021-09-02,18.10,1.29
2021-09-03,18.24,1.30
2021-09-06,18.25,1.30
2021-09-07,18.16,1.30
2021-09-08,18.02,1.29
2021-09-09,14.82,1.23
2021-09-10,14.87,1.23
2021-09-13,14.89,1.23
2021-09-14,14.99,1.24
2021-09-15,15.01,1.24
2021-09-16,14.91,1.23
2021-09-17,14.95,1.24
2021-09-23,15.00,1.23
2021-09-24,14.99,1.23
2021-09-27,15.03,1.24
2021-09-28,14.86,1.22
2021-09-29,14.68,1.21
2021-09-30,14.72,1.21
2021-10-01,14.48,1.19
2021-10-05,14.21,1.17
2021-10-06,13.95,1.15
2021-10-07,14.20,1.17
2021-10-08,14.18,1.17
2021-10-12,13.99,1.15
2021-10-13,14.12,1.16
2021-10-14,14.34,1.18
2021-10-15,14.47,1.19
2021-10-18,14.43,1.19
2021-10-19,14.54,1.20
2021-10-20,14.46,1.19
2021-10-21,14.43,1.19
2021-10-22,14.43,1.19
2021-10-25,14.50,1.19
2021-10-26,14.63,1.20
2021-10-27,14.52,1.19
2021-10-28,14.44,1.19
2021-10-29,14.25,1.17
2021-11-01,14.30,1.18
2021-11-02,14.46,1.19
2021-11-03,14.29,1.17
2021-11-04,14.50,1.19
2021-11-05,14.43,1.19
2021-11-08,14.39,1.18
2021-11-09,14.40,1.18
2021-11-10,14.24,1.17
2021-11-11,14.21,1.17
2021-11-12,14.43,1.19
2021-11-15,14.58,1.20
2021-11-16,14.59,1.20
2021-11-17,14.42,1.19
2021-11-18,14.34,1.18
2021-11-19,14.46,1.19
2021-11-22,14.67,1.21
2021-11-23,14.59,1.20
2021-11-24,14.57,1.20
2021-11-25,14.51,1.19
2021-11-26,14.29,1.17
2021-11-29,14.17,1.16
2021-11-30,13.77,1.13
2021-12-01,14.07,1.16
2021-12-02,14.29,1.17
2021-12-03,14.40,1.18
2021-12-06,14.43,1.19
2021-12-07,14.52,1.19
2021-12-08,14.57,1.20
2021-12-09,14.71,1.21
2021-12-10,14.62,1.20
2021-12-13,12.82,1.15
2021-12-14,12.76,1.15
2021-12-15,12.77,1.15
2021-12-16,12.84,1.15
2021-12-17,12.89,1.16
2021-12-20,12.65,1.14
2021-12-21,12.70,1.14
2021-12-22,12.74,1.14
2021-12-23,12.80,1.15
2021-12-24,12.86,1.15
2021-12-27,12.80,1.15
2021-12-28,12.89,1.16
2021-12-29,12.78,1.15
2021-12-30,12.72,1.14
2022-01-03,12.76,1.15
2022-01-04,12.76,1.15
2022-01-05,12.61,1.13
2022-01-06,12.47,1.12
2022-01-07,12.62,1.13
2022-01-10,12.51,1.12
2022-01-11,12.51,1.12
2022-01-12,12.70,1.14
2022-01-13,12.66,1.14
2022-01-14,12.48,1.12
2022-01-17,12.35,1.11
2022-01-18,12.23,1.10
2022-01-19,12.14,1.09
2022-01-20,12.23,1.10
2022-01-21,12.11,1.09
2022-01-24,11.93,1.07
2022-01-25,11.62,1.04
2022-01-26,11.57,1.04
2022-01-27,11.16,1.00
2022-01-28,12.14,1.08
2022-02-03,12.34,1.10
2022-02-04,12.53,1.12
2022-02-07,12.51,1.12
2022-02-08,12.52,1.12
2022-02-09,12.62,1.13
2022-02-10,12.64,1.13
2022-02-11,12.53,1.12
2022-02-14,12.33,1.10
2022-02-15,12.20,1.09
2022-02-16,12.44,1.11
2022-02-17,12.51,1.12
2022-02-18,12.51,1.12
2022-02-21,12.51,1.12
2022-02-22,12.34,1.10
2022-02-23,12.39,1.11
2022-02-24,12.07,1.08
2022-02-25,12.20,1.09
2022-02-28,12.32,1.10
2022-03-02,12.34,1.10
2022-03-03,12.54,1.12
2022-03-04,12.39,1.11
2022-03-07,12.10,1.08
2022-03-08,11.97,1.07
2022-03-10,12.23,1.09
2022-03-11,12.15,1.08
2022-03-14,12.07,1.08
2022-03-15,11.97,1.07
2022-03-16,12.14,1.08
2022-03-17,12.30,1.10
2022-03-18,12.36,1.10
2022-03-21,12.26,1.09
2022-03-22,12.37,1.10
2022-03-23,12.48,1.11
2022-03-24,12.45,1.11
2022-03-25,12.46,1.11
2022-03-28,12.46,1.11
2022-03-29,12.51,1.12
2022-03-30,12.54,1.12
2022-03-31,12.58,1.12
2022-04-01,12.50,1.12
2022-04-04,12.59,1.12
2022-04-05,12.59,1.12
2022-04-06,12.48,1.11
2022-04-07,12.30,1.10
2022-04-08,12.32,1.10
2022-04-11,12.29,1.10
2022-04-12,12.17,1.09
2022-04-13,12.40,1.11
2022-04-14,12.40,1.11
2022-04-15,12.30,1.10
2022-04-18,12.29,1.10
2022-04-19,12.41,1.11
2022-04-20,12.41,1.11
2022-04-21,12.45,1.11
2022-04-22,12.34,1.10
2022-04-25,12.12,1.08
2022-04-26,12.18,1.09
2022-04-27,12.04,1.07
2022-04-28,12.17,1.09
2022-04-29,12.30,1.10
2022-05-02,11.13,1.08
2022-05-03,11.10,1.07
2022-05-04,11.09,1.07
2022-05-06,10.95,1.06
2022-05-09,10.81,1.05
2022-05-10,10.75,1.04
2022-05-11,10.74,1.04
2022-05-12,10.56,1.02
2022-05-13,10.79,1.04
2022-05-16,10.75,1.04
2022-05-17,10.85,1.05
2022-05-18,10.87,1.05
2022-05-19,10.73,1.04
2022-05-20,10.93,1.06
2022-05-23,10.96,1.06
2022-05-24,10.79,1.04
2022-05-25,10.83,1.05
2022-05-26,10.81,1.05
2022-05-27,10.92,1.06
2022-05-30,11.05,1.07
2022-05-31,11.12,1.08
