,시장금리 국고채(10년),소비자물가지수,경기종합지수
2019-01-02,1.948,99.330,99.43
2019-01-03,1.955,99.330,99.43
2019-01-04,1.972,99.330,99.43
2019-01-07,1.977,99.330,99.43
2019-01-08,1.994,99.330,99.43
2019-01-09,1.985,99.330,99.43
2019-01-10,1.964,99.330,99.43
2019-01-11,1.992,99.330,99.43
2019-01-14,1.973,99.330,99.43
2019-01-15,1.968,99.330,99.43
2019-01-16,1.982,99.330,99.43
2019-01-17,1.976,99.330,99.43
2019-01-18,2.008,99.330,99.43
2019-01-21,2.028,98.988,99.35
2019-01-22,1.997,98.988,99.35
2019-01-23,1.984,98.988,99.35
2019-01-24,1.993,98.988,99.35
2019-01-25,2.005,98.988,99.35
2019-01-28,2.019,98.988,99.35
2019-01-29,2.035,98.988,99.35
2019-01-30,2.051,98.988,99.35
2019-01-31,2.001,98.988,99.35
2019-02-01,1.983,98.988,99.35
2019-02-07,1.995,98.988,99.35
2019-02-08,1.965,98.988,99.35
2019-02-11,1.943,98.988,99.35
2019-02-12,1.978,98.988,99.35
2019-02-13,1.987,98.988,99.35
2019-02-14,1.99,98.988,99.35
2019-02-15,1.962,98.988,99.35
2019-02-18,1.997,98.988,99.35
2019-02-19,1.996,98.988,99.35
2019-02-20,1.992,98.884,99.26
2019-02-21,2.01,98.884,99.26
2019-02-22,2.008,98.884,99.26
2019-02-25,2.012,98.884,99.26
2019-02-26,2.003,98.884,99.26
2019-02-27,1.985,98.884,99.26
2019-02-28,1.987,98.884,99.26
2019-03-04,2.027,98.884,99.26
2019-03-05,2.029,98.884,99.26
2019-03-06,2.021,98.884,99.26
2019-03-07,2.005,98.884,99.26
2019-03-08,1.973,98.884,99.26
2019-03-11,1.986,98.884,99.26
2019-03-12,1.991,98.884,99.26
2019-03-13,1.966,98.884,99.26
2019-03-14,1.978,98.884,99.26
2019-03-15,1.989,98.884,99.26
2019-03-18,1.994,98.884,99.26
2019-03-19,1.979,98.884,99.26
2019-03-20,1.981,99.311,99.17
2019-03-21,1.932,99.311,99.17
2019-03-22,1.934,99.311,99.17
2019-03-25,1.888,99.311,99.17
2019-03-26,1.905,99.311,99.17
2019-03-27,1.845,99.311,99.17
2019-03-28,1.81,99.311,99.17
2019-03-29,1.833,99.311,99.17
2019-04-01,1.866,99.311,99.17
2019-04-02,1.856,99.311,99.17
2019-04-03,1.889,99.311,99.17
2019-04-04,1.877,99.311,99.17
2019-04-05,1.893,99.311,99.17
2019-04-08,1.868,99.311,99.17
2019-04-09,1.872,99.311,99.17
2019-04-10,1.871,99.311,99.17
2019-04-11,1.867,99.311,99.17
2019-04-12,1.881,99.311,99.17
2019-04-15,1.926,99.311,99.17
2019-04-16,1.932,99.311,99.17
2019-04-17,1.947,99.311,99.17
2019-04-18,1.893,99.311,99.17
2019-04-19,1.899,99.311,99.17
2019-04-22,1.929,99.121,99.07
2019-04-23,1.923,99.121,99.07
2019-04-24,1.912,99.121,99.07
2019-04-25,1.879,99.121,99.07
2019-04-26,1.876,99.121,99.07
2019-04-29,1.864,99.121,99.07
2019-04-30,1.845,99.121,99.07
2019-05-02,1.885,99.121,99.07
2019-05-03,1.9,99.121,99.07
2019-05-07,1.885,99.121,99.07
2019-05-08,1.878,99.121,99.07
2019-05-09,1.861,99.121,99.07
2019-05-10,1.873,99.121,99.07
2019-05-13,1.874,99.121,99.07
2019-05-14,1.868,99.121,99.07
2019-05-15,1.865,99.121,99.07
2019-05-16,1.82,99.121,99.07
2019-05-17,1.822,99.121,99.07
2019-05-20,1.847,99.481,98.94
2019-05-21,1.83,99.481,98.94
2019-05-22,1.828,99.481,98.94
2019-05-23,1.808,99.481,98.94
2019-05-24,1.792,99.481,98.94
2019-05-27,1.797,99.481,98.94
2019-05-28,1.793,99.481,98.94
2019-05-29,1.741,99.481,98.94
2019-05-30,1.741,99.481,98.94
2019-05-31,1.682,99.481,98.94
2019-06-03,1.691,99.481,98.94
2019-06-04,1.684,99.481,98.94
2019-06-05,1.654,99.481,98.94
2019-06-07,1.656,99.481,98.94
2019-06-10,1.661,99.481,98.94
2019-06-11,1.68,99.481,98.94
2019-06-12,1.6,99.481,98.94
2019-06-13,1.613,99.481,98.94
2019-06-14,1.591,99.481,98.94
2019-06-17,1.621,99.481,98.94
2019-06-18,1.614,99.481,98.94
2019-06-19,1.601,99.481,98.94
2019-06-20,1.545,99.652,98.83
2019-06-21,1.569,99.652,98.83
2019-06-24,1.563,99.652,98.83
2019-06-25,1.584,99.652,98.83
2019-06-26,1.605,99.652,98.83
2019-06-27,1.616,99.652,98.83
2019-06-28,1.596,99.652,98.83
2019-07-01,1.608,99.652,98.83
2019-07-02,1.586,99.652,98.83
2019-07-03,1.534,99.652,98.83
2019-07-04,1.523,99.652,98.83
2019-07-05,1.533,99.652,98.83
2019-07-08,1.53,99.652,98.83
2019-07-09,1.538,99.652,98.83
2019-07-10,1.562,99.652,98.83
2019-07-11,1.547,99.652,98.83
2019-07-12,1.569,99.652,98.83
2019-07-15,1.582,99.652,98.83
2019-07-16,1.573,99.652,98.83
2019-07-17,1.546,99.652,98.83
2019-07-18,1.472,99.652,98.83
2019-07-19,1.456,99.652,98.83
2019-07-22,1.465,99.491,98.73
2019-07-23,1.472,99.491,98.73
2019-07-24,1.465,99.491,98.73
2019-07-25,1.431,99.491,98.73
2019-07-26,1.426,99.491,98.73
2019-07-29,1.412,99.491,98.73
2019-07-30,1.409,99.491,98.73
2019-07-31,1.39,99.491,98.73
2019-08-01,1.41,99.491,98.73
2019-08-02,1.349,99.491,98.73
2019-08-05,1.253,99.491,98.73
2019-08-06,1.256,99.491,98.73
2019-08-07,1.251,99.491,98.73
2019-08-08,1.27,99.491,98.73
2019-08-09,1.286,99.491,98.73
2019-08-12,1.285,99.491,98.73
2019-08-13,1.229,99.491,98.73
2019-08-14,1.231,99.491,98.73
2019-08-16,1.172,99.491,98.73
2019-08-19,1.184,99.491,98.73
2019-08-20,1.198,99.187,98.66
2019-08-21,1.277,99.187,98.66
2019-08-22,1.229,99.187,98.66
2019-08-23,1.261,99.187,98.66
2019-08-26,1.191,99.187,98.66
2019-08-27,1.238,99.187,98.66
2019-08-28,1.244,99.187,98.66
2019-08-29,1.248,99.187,98.66
2019-08-30,1.276,99.187,98.66
2019-09-02,1.344,99.187,98.66
2019-09-03,1.331,99.187,98.66
2019-09-04,1.344,99.187,98.66
2019-09-05,1.367,99.187,98.66
2019-09-06,1.381,99.187,98.66
2019-09-09,1.353,99.187,98.66
2019-09-10,1.37,99.187,98.66
2019-09-11,1.397,99.187,98.66
2019-09-16,1.536,99.187,98.66
2019-09-17,1.5,99.187,98.66
2019-09-18,1.468,99.187,98.66
2019-09-19,1.463,99.187,98.66
2019-09-20,1.455,99.425,98.62
2019-09-23,1.462,99.425,98.62
2019-09-24,1.454,99.425,98.62
2019-09-25,1.424,99.425,98.62
2019-09-26,1.433,99.425,98.62
2019-09-27,1.438,99.425,98.62
2019-09-30,1.456,99.425,98.62
2019-10-01,1.498,99.425,98.62
2019-10-02,1.497,99.425,98.62
2019-10-04,1.373,99.425,98.62
2019-10-07,1.386,99.425,98.62
2019-10-08,1.429,99.425,98.62
2019-10-10,1.459,99.425,98.62
2019-10-11,1.488,99.425,98.62
2019-10-14,1.488,99.425,98.62
2019-10-15,1.499,99.425,98.62
2019-10-16,1.53,99.425,98.62
2019-10-17,1.578,99.425,98.62
2019-10-18,1.587,99.425,98.62
2019-10-21,1.66,99.794,98.63
2019-10-22,1.655,99.794,98.63
2019-10-23,1.654,99.794,98.63
2019-10-24,1.641,99.794,98.63
2019-10-25,1.677,99.794,98.63
2019-10-28,1.765,99.794,98.63
2019-10-29,1.777,99.794,98.63
2019-10-30,1.753,99.794,98.63
2019-10-31,1.728,99.794,98.63
2019-11-01,1.732,99.794,98.63
2019-11-04,1.827,99.794,98.63
2019-11-05,1.817,99.794,98.63
2019-11-06,1.82,99.794,98.63
2019-11-07,1.822,99.794,98.63
2019-11-08,1.803,99.794,98.63
2019-11-11,1.788,99.794,98.63
2019-11-12,1.842,99.794,98.63
2019-11-13,1.787,99.794,98.63
2019-11-14,1.785,99.794,98.63
2019-11-15,1.79,99.794,98.63
2019-11-18,1.781,99.794,98.63
2019-11-19,1.734,99.794,98.63
2019-11-20,1.671,100.041,98.69
2019-11-21,1.672,100.041,98.69
2019-11-22,1.687,100.041,98.69
2019-11-25,1.725,100.041,98.69
2019-11-26,1.707,100.041,98.69
2019-11-27,1.671,100.041,98.69
2019-11-28,1.667,100.041,98.69
2019-11-29,1.63,100.041,98.69
2019-12-02,1.688,100.041,98.69
2019-12-03,1.736,100.041,98.69
2019-12-04,1.657,100.041,98.69
2019-12-05,1.661,100.041,98.69
2019-12-06,1.68,100.041,98.69
2019-12-09,1.664,100.041,98.69
2019-12-10,1.616,100.041,98.69
2019-12-11,1.621,100.041,98.69
2019-12-12,1.619,100.041,98.69
2019-12-13,1.649,100.041,98.69
2019-12-16,1.612,100.041,98.69
2019-12-17,1.605,100.041,98.69
2019-12-18,1.606,100.041,98.69
2019-12-19,1.655,100.041,98.69
2019-12-20,1.673,99.481,98.78
2019-12-23,1.642,99.481,98.78
2019-12-24,1.631,99.481,98.78
2019-12-26,1.641,99.481,98.78
2019-12-27,1.683,99.481,98.78
2019-12-30,1.683,99.481,98.78
2020-01-02,1.638,99.481,98.78
2020-01-03,1.555,99.481,98.78
2020-01-06,1.541,99.481,98.78
2020-01-07,1.613,99.481,98.78
2020-01-08,1.63,99.481,98.78
2020-01-09,1.687,99.481,98.78
2020-01-10,1.706,99.481,98.78
2020-01-13,1.729,99.481,98.78
2020-01-14,1.716,99.481,98.78
2020-01-15,1.695,99.481,98.78
2020-01-16,1.701,99.481,98.78
2020-01-17,1.741,99.481,98.78
2020-01-20,1.762,99.719,98.87
2020-01-21,1.689,99.719,98.87
2020-01-22,1.723,99.719,98.87
2020-01-23,1.704,99.719,98.87
2020-01-28,1.603,99.719,98.87
2020-01-29,1.582,99.719,98.87
2020-01-30,1.553,99.719,98.87
2020-01-31,1.558,99.719,98.87
2020-02-03,1.547,99.719,98.87
2020-02-04,1.628,99.719,98.87
2020-02-05,1.601,99.719,98.87
2020-02-06,1.63,99.719,98.87
2020-02-07,1.601,99.719,98.87
2020-02-10,1.603,99.719,98.87
2020-02-11,1.602,99.719,98.87
2020-02-12,1.613,99.719,98.87
2020-02-13,1.609,99.719,98.87
2020-02-14,1.653,99.719,98.87
2020-02-17,1.622,99.719,98.87
2020-02-18,1.56,99.719,98.87
2020-02-19,1.559,99.719,98.87
2020-02-20,1.515,100.09,98.92
2020-02-21,1.443,100.09,98.92
2020-02-24,1.416,100.09,98.92
2020-02-25,1.429,100.09,98.92
2020-02-26,1.395,100.09,98.92
2020-02-27,1.443,100.09,98.92
2020-02-28,1.333,100.09,98.92
2020-03-02,1.372,100.09,98.92
2020-03-03,1.371,100.09,98.92
2020-03-04,1.299,100.09,98.92
2020-03-05,1.337,100.09,98.92
2020-03-06,1.37,100.09,98.92
2020-03-09,1.286,100.09,98.92
2020-03-10,1.355,100.09,98.92
2020-03-11,1.369,100.09,98.92
2020-03-12,1.387,100.09,98.92
2020-03-13,1.57,100.09,98.92
2020-03-16,1.524,100.09,98.92
2020-03-17,1.441,100.09,98.92
2020-03-18,1.502,100.09,98.92
2020-03-19,1.657,100.09,98.92
2020-03-20,1.611,100.16,98.93
2020-03-23,1.718,100.16,98.93
2020-03-24,1.708,100.16,98.93
2020-03-25,1.647,100.16,98.93
2020-03-26,1.502,100.16,98.93
2020-03-27,1.532,100.16,98.93
2020-03-30,1.562,100.16,98.93
2020-03-31,1.551,100.16,98.93
2020-04-01,1.545,100.16,98.93
2020-04-02,1.518,100.16,98.93
2020-04-03,1.548,100.16,98.93
2020-04-06,1.543,100.16,98.93
2020-04-07,1.58,100.16,98.93
2020-04-08,1.511,100.16,98.93
2020-04-09,1.438,100.16,98.93
2020-04-10,1.444,100.16,98.93
2020-04-13,1.469,100.16,98.93
2020-04-14,1.464,100.16,98.93
2020-04-16,1.411,100.16,98.93
2020-04-17,1.438,100.16,98.93
2020-04-20,1.444,99.94,98.92
2020-04-21,1.458,99.94,98.92
2020-04-22,1.532,99.94,98.92
2020-04-23,1.545,99.94,98.92
2020-04-24,1.546,99.94,98.92
2020-04-27,1.576,99.94,98.92
2020-04-28,1.56,99.94,98.92
2020-04-29,1.518,99.94,98.92
2020-05-04,1.499,99.94,98.92
2020-05-06,1.508,99.94,98.92
2020-05-07,1.48,99.94,98.92
2020-05-08,1.426,99.94,98.92
2020-05-11,1.462,99.94,98.92
2020-05-12,1.424,99.94,98.92
2020-05-13,1.392,99.94,98.92
2020-05-14,1.381,99.94,98.92
2020-05-15,1.383,99.94,98.92
2020-05-18,1.394,99.94,98.92
2020-05-19,1.391,99.94,98.92
2020-05-20,1.358,99.50,98.95
2020-05-21,1.342,99.50,98.95
2020-05-22,1.347,99.50,98.95
2020-05-25,1.316,99.50,98.95
2020-05-26,1.328,99.50,98.95
2020-05-27,1.34,99.50,98.95
2020-05-28,1.343,99.50,98.95
2020-05-29,1.374,99.50,98.95
2020-06-01,1.395,99.50,98.95
2020-06-02,1.378,99.50,98.95
2020-06-03,1.426,99.50,98.95
2020-06-04,1.432,99.50,98.95
2020-06-05,1.452,99.50,98.95
2020-06-08,1.453,99.50,98.95
2020-06-09,1.397,99.50,98.95
2020-06-10,1.398,99.50,98.95
2020-06-11,1.383,99.50,98.95
2020-06-12,1.388,99.50,98.95
2020-06-15,1.424,99.50,98.95
2020-06-16,1.402,99.50,98.95
2020-06-17,1.409,99.50,98.95
2020-06-18,1.37,99.50,98.95
2020-06-19,1.38,99.50,98.95
2020-06-22,1.39,99.44,99.02
2020-06-23,1.385,99.44,99.02
2020-06-24,1.363,99.44,99.02
2020-06-25,1.344,99.44,99.02
2020-06-26,1.327,99.44,99.02
2020-06-29,1.365,99.44,99.02
2020-06-30,1.373,99.44,99.02
2020-07-01,1.402,99.44,99.02
2020-07-02,1.377,99.44,99.02
2020-07-03,1.387,99.44,99.02
2020-07-06,1.41,99.44,99.02
2020-07-07,1.388,99.44,99.02
2020-07-08,1.377,99.44,99.02
2020-07-09,1.391,99.44,99.02
2020-07-10,1.397,99.44,99.02
2020-07-13,1.42,99.44,99.02
2020-07-14,1.418,99.44,99.02
2020-07-15,1.414,99.44,99.02
2020-07-16,1.378,99.44,99.02
2020-07-17,1.348,99.44,99.02
2020-07-20,1.334,99.71,99.19
2020-07-21,1.356,99.71,99.19
2020-07-22,1.346,99.71,99.19
2020-07-23,1.318,99.71,99.19
2020-07-24,1.305,99.71,99.19
2020-07-27,1.304,99.71,99.19
2020-07-28,1.329,99.71,99.19
2020-07-29,1.309,99.71,99.19
2020-07-30,1.281,99.71,99.19
2020-07-31,1.296,99.71,99.19
2020-08-03,1.306,99.71,99.19
2020-08-04,1.306,99.71,99.19
2020-08-05,1.293,99.71,99.19
2020-08-06,1.306,99.71,99.19
2020-08-07,1.319,99.71,99.19
2020-08-10,1.363,99.71,99.19
2020-08-11,1.345,99.71,99.19
2020-08-12,1.373,99.71,99.19
2020-08-13,1.362,99.71,99.19
2020-08-14,1.396,99.71,99.19
2020-08-18,1.357,99.71,99.19
2020-08-19,1.347,99.71,99.19
2020-08-20,1.379,99.63,99.45
2020-08-21,1.41,99.63,99.45
2020-08-24,1.378,99.63,99.45
2020-08-25,1.387,99.63,99.45
2020-08-26,1.404,99.63,99.45
2020-08-27,1.421,99.63,99.45
2020-08-28,1.486,99.63,99.45
2020-08-31,1.516,99.63,99.45
2020-09-01,1.582,99.63,99.45
2020-09-02,1.539,99.63,99.45
2020-09-03,1.524,99.63,99.45
2020-09-04,1.527,99.63,99.45
2020-09-07,1.572,99.63,99.45
2020-09-08,1.555,99.63,99.45
2020-09-09,1.518,99.63,99.45
2020-09-10,1.517,99.63,99.45
2020-09-11,1.53,99.63,99.45
2020-09-14,1.517,99.63,99.45
2020-09-15,1.503,99.63,99.45
2020-09-16,1.485,99.63,99.45
2020-09-17,1.508,99.63,99.45
2020-09-18,1.503,99.63,99.45
2020-09-21,1.493,100.19,99.76
2020-09-22,1.472,100.19,99.76
2020-09-23,1.447,100.19,99.76
2020-09-24,1.437,100.19,99.76
2020-09-25,1.424,100.19,99.76
2020-09-28,1.426,100.19,99.76
2020-09-29,1.43,100.19,99.76
2020-10-05,1.479,100.19,99.76
2020-10-06,1.531,100.19,99.76
2020-10-07,1.533,100.19,99.76
2020-10-08,1.543,100.19,99.76
2020-10-12,1.553,100.19,99.76
2020-10-13,1.527,100.19,99.76
2020-10-14,1.513,100.19,99.76
2020-10-15,1.478,100.19,99.76
2020-10-16,1.493,100.19,99.76
2020-10-19,1.441,100.19,99.76
2020-10-20,1.462,100.74,100.1
2020-10-21,1.522,100.74,100.1
2020-10-22,1.507,100.74,100.1
2020-10-23,1.495,100.74,100.1
2020-10-26,1.482,100.74,100.1
2020-10-27,1.503,100.74,100.1
2020-10-28,1.497,100.74,100.1
2020-10-29,1.527,100.74,100.1
2020-10-30,1.546,100.74,100.1
2020-11-02,1.602,100.74,100.1
2020-11-03,1.607,100.74,100.1
2020-11-04,1.569,100.74,100.1
2020-11-05,1.527,100.74,100.1
2020-11-06,1.559,100.74,100.1
2020-11-09,1.568,100.74,100.1
2020-11-10,1.624,100.74,100.1
2020-11-11,1.662,100.74,100.1
2020-11-12,1.65,100.74,100.1
2020-11-13,1.627,100.74,100.1
2020-11-16,1.623,100.74,100.1
2020-11-17,1.62,100.74,100.1
2020-11-18,1.602,100.74,100.1
2020-11-19,1.608,100.74,100.1
2020-11-20,1.607,100.18,100.42
2020-11-23,1.581,100.18,100.42
2020-11-24,1.598,100.18,100.42
2020-11-25,1.629,100.18,100.42
2020-11-26,1.655,100.18,100.42
2020-11-27,1.641,100.18,100.42
2020-11-30,1.659,100.18,100.42
2020-12-01,1.649,100.18,100.42
2020-12-02,1.675,100.18,100.42
2020-12-03,1.669,100.18,100.42
2020-12-04,1.655,100.18,100.42
2020-12-07,1.646,100.18,100.42
2020-12-08,1.642,100.18,100.42
2020-12-09,1.656,100.18,100.42
2020-12-10,1.655,100.18,100.42
2020-12-11,1.661,100.18,100.42
2020-12-14,1.67,100.18,100.42
2020-12-15,1.671,100.18,100.42
2020-12-16,1.692,100.18,100.42
2020-12-17,1.732,100.18,100.42
2020-12-18,1.708,100.18,100.42
2020-12-21,1.679,100.09,100.71
2020-12-22,1.657,100.09,100.71
2020-12-23,1.64,100.09,100.71
2020-12-24,1.682,100.09,100.71
2020-12-28,1.681,100.09,100.71
2020-12-29,1.698,100.09,100.71
2020-12-30,1.713,100.09,100.71
2021-01-04,1.723,100.09,100.71
2021-01-05,1.691,100.09,100.71
2021-01-06,1.731,100.09,100.71
2021-01-07,1.724,100.09,100.71
2021-01-08,1.729,100.09,100.71
2021-01-11,1.692,100.09,100.71
2021-01-12,1.718,100.09,100.71
2021-01-13,1.719,100.09,100.71
2021-01-14,1.734,100.09,100.71
2021-01-15,1.731,100.09,100.71
2021-01-18,1.714,100.09,100.71
2021-01-19,1.711,100.09,100.71
2021-01-20,1.703,100.33,100.98
2021-01-21,1.706,100.33,100.98
2021-01-22,1.758,100.33,100.98
2021-01-25,1.78,100.33,100.98
2021-01-26,1.77,100.33,100.98
2021-01-27,1.757,100.33,100.98
2021-01-28,1.764,100.33,100.98
2021-01-29,1.768,100.33,100.98
2021-02-01,1.803,100.33,100.98
2021-02-02,1.758,100.33,100.98
2021-02-03,1.768,100.33,100.98
2021-02-04,1.793,100.33,100.98
2021-02-05,1.791,100.33,100.98
2021-02-08,1.822,100.33,100.98
2021-02-09,1.813,100.33,100.98
2021-02-10,1.831,100.33,100.98
2021-02-15,1.871,100.33,100.98
2021-02-16,1.85,100.33,100.98
2021-02-17,1.862,100.33,100.98
2021-02-18,1.854,100.33,100.98
2021-02-19,1.875,100.33,100.98
2021-02-22,1.922,101.04,101.26
2021-02-23,1.906,101.04,101.26
2021-02-24,1.851,101.04,101.26
2021-02-25,1.884,101.04,101.26
2021-02-26,1.96,101.04,101.26
2021-03-02,1.966,101.04,101.26
2021-03-03,1.951,101.04,101.26
2021-03-04,1.972,101.04,101.26
2021-03-05,1.992,101.04,101.26
2021-03-08,2.028,101.04,101.26
2021-03-09,2.034,101.04,101.26
2021-03-10,2.036,101.04,101.26
2021-03-11,2.027,101.04,101.26
2021-03-12,2.092,101.04,101.26
2021-03-15,2.152,101.04,101.26
2021-03-16,2.098,101.04,101.26
2021-03-17,2.134,101.04,101.26
2021-03-18,2.15,101.04,101.26
2021-03-19,2.099,101.04,101.26
2021-03-22,2.057,101.58,101.51
2021-03-23,2.032,101.58,101.51
2021-03-24,1.992,101.58,101.51
2021-03-25,1.967,101.58,101.51
2021-03-26,2.005,101.58,101.51
2021-03-29,1.98,101.58,101.51
2021-03-30,2.063,101.58,101.51
2021-03-31,2.057,101.58,101.51
2021-04-01,2.023,101.58,101.51
2021-04-02,2.049,101.58,101.51
2021-04-05,2.094,101.58,101.51
2021-04-06,2.069,101.58,101.51
2021-04-07,2.064,101.58,101.51
2021-04-08,2.012,101.58,101.51
2021-04-09,2.029,101.58,101.51
2021-04-12,2.003,101.58,101.51
2021-04-13,2.027,101.58,101.51
2021-04-14,1.99,101.58,101.51
2021-04-15,2.02,101.58,101.51
2021-04-16,2.023,101.58,101.51
2021-04-19,1.981,101.58,101.51
2021-04-20,2.003,101.84,101.74
2021-04-21,2.005,101.84,101.74
2021-04-22,1.989,101.84,101.74
2021-04-23,2.043,101.84,101.74
2021-04-26,2.089,101.84,101.74
2021-04-27,2.071,101.84,101.74
2021-04-28,2.082,101.84,101.74
2021-04-29,2.098,101.84,101.74
2021-04-30,2.128,101.84,101.74
2021-05-03,2.124,101.84,101.74
2021-05-04,2.13,101.84,101.74
2021-05-06,2.102,101.84,101.74
2021-05-07,2.123,101.84,101.74
2021-05-10,2.134,101.84,101.74
2021-05-11,2.139,101.84,101.74
2021-05-12,2.125,101.84,101.74
2021-05-13,2.156,101.84,101.74
2021-05-14,2.158,101.84,101.74
2021-05-17,2.117,101.84,101.74
2021-05-18,2.118,101.84,101.74
2021-05-20,2.135,101.98,101.9
2021-05-21,2.123,101.98,101.9
2021-05-24,2.12,101.98,101.9
2021-05-25,2.129,101.98,101.9
2021-05-26,2.128,101.98,101.9
2021-05-27,2.111,101.98,101.9
2021-05-28,2.132,101.98,101.9
2021-05-31,2.179,101.98,101.9
2021-06-01,2.186,101.98,101.9
2021-06-02,2.202,101.98,101.9
2021-06-03,2.195,101.98,101.9
2021-06-04,2.173,101.98,101.9
2021-06-07,2.156,101.98,101.9
2021-06-08,2.116,101.98,101.9
2021-06-09,2.103,101.98,101.9
2021-06-10,2.085,101.98,101.9
2021-06-11,2.101,101.98,101.9
2021-06-14,2.096,101.98,101.9
2021-06-15,2.071,101.98,101.9
2021-06-16,2.07,101.98,101.9
2021-06-17,2.079,101.98,101.9
2021-06-18,2.041,101.98,101.9
2021-06-21,2.006,102.05,101.95
2021-06-22,2.05,102.05,101.95
2021-06-23,2.041,102.05,101.95
2021-06-24,2.06,102.05,101.95
2021-06-25,2.1,102.05,101.95
2021-06-28,2.137,102.05,101.95
2021-06-29,2.109,102.05,101.95
2021-06-30,2.092,102.05,101.95
2021-07-01,2.09,102.05,101.95
2021-07-02,2.101,102.05,101.95
2021-07-05,2.089,102.05,101.95
2021-07-06,2.119,102.05,101.95
2021-07-07,2.039,102.05,101.95
2021-07-08,2.002,102.05,101.95
2021-07-09,2.033,102.05,101.95
2021-07-12,2.022,102.05,101.95
2021-07-13,2.035,102.05,101.95
2021-07-14,2.008,102.05,101.95
2021-07-15,2.024,102.05,101.95
2021-07-16,2.008,102.05,101.95
2021-07-19,1.972,102.05,101.95
2021-07-20,1.893,102.05,101.88
2021-07-21,1.878,102.05,101.88
2021-07-22,1.921,102.05,101.88
2021-07-23,1.888,102.05,101.88
2021-07-26,1.863,102.05,101.88
2021-07-27,1.868,102.05,101.88
2021-07-28,1.862,102.05,101.88
2021-07-29,1.889,102.05,101.88
2021-07-30,1.874,102.05,101.88
2021-08-02,1.907,102.05,101.88
2021-08-03,1.89,102.05,101.88
2021-08-04,1.866,102.05,101.88
2021-08-05,1.878,102.05,101.88
2021-08-06,1.9,102.05,101.88
2021-08-09,1.914,102.05,101.88
2021-08-10,1.916,102.05,101.88
2021-08-11,1.934,102.05,101.88
2021-08-12,1.922,102.05,101.88
2021-08-13,1.924,102.05,101.88
2021-08-17,1.886,102.05,101.88
2021-08-18,1.881,102.05,101.88
2021-08-19,1.868,102.05,101.88
2021-08-20,1.853,102.26,101.71
2021-08-23,1.889,102.26,101.71
2021-08-24,1.939,102.26,101.71
2021-08-25,1.936,102.26,101.71
2021-08-26,1.928,102.26,101.71
2021-08-27,1.939,102.26,101.71
2021-08-30,1.913,102.26,101.71
2021-08-31,1.912,102.26,101.71
2021-09-01,1.942,102.26,101.71
2021-09-02,1.941,102.26,101.71
2021-09-03,1.943,102.26,101.71
2021-09-06,1.97,102.26,101.71
2021-09-07,1.975,102.26,101.71
2021-09-08,2.016,102.26,101.71
2021-09-09,2,102.26,101.71
2021-09-10,2.006,102.26,101.71
2021-09-13,2.037,102.26,101.71
2021-09-14,2.06,102.26,101.71
2021-09-15,2.025,102.26,101.71
2021-09-16,2.043,102.26,101.71
2021-09-17,2.068,102.26,101.71
2021-09-23,2.099,102.75,101.44
2021-09-24,2.152,102.75,101.44
2021-09-27,2.168,102.75,101.44
2021-09-28,2.256,102.75,101.44
2021-09-29,2.223,102.75,101.44
2021-09-30,2.237,102.75,101.44
2021-10-01,2.258,102.75,101.44
2021-10-05,2.291,102.75,101.44
2021-10-06,2.399,102.75,101.44
2021-10-07,2.387,102.75,101.44
2021-10-08,2.374,102.75,101.44
2021-10-12,2.447,102.75,101.44
2021-10-13,2.401,102.75,101.44
2021-10-14,2.351,102.75,101.44
2021-10-15,2.356,102.75,101.44
2021-10-18,2.4,102.75,101.44
2021-10-19,2.379,102.75,101.44
2021-10-20,2.392,103.17,101.12
2021-10-21,2.388,103.17,101.12
2021-10-22,2.411,103.17,101.12
2021-10-25,2.426,103.17,101.12
2021-10-26,2.457,103.17,101.12
2021-10-27,2.487,103.17,101.12
2021-10-28,2.397,103.17,101.12
2021-10-29,2.575,103.17,101.12
2021-11-01,2.506,103.17,101.12
2021-11-02,2.48,103.17,101.12
2021-11-03,2.47,103.17,101.12
2021-11-04,2.428,103.17,101.12
2021-11-05,2.35,103.17,101.12
2021-11-08,2.329,103.17,101.12
2021-11-09,2.293,103.17,101.12
2021-11-10,2.309,103.17,101.12
2021-11-11,2.341,103.17,101.12
2021-11-12,2.344,103.17,101.12
2021-11-15,2.298,103.17,101.12
2021-11-16,2.333,103.17,101.12
2021-11-17,2.359,103.17,101.12
2021-11-18,2.338,103.17,101.12
2021-11-19,2.372,103.17,101.12
2021-11-22,2.386,103.35,100.78
2021-11-23,2.4,103.35,100.78
2021-11-24,2.394,103.35,100.78
2021-11-25,2.348,103.35,100.78
2021-11-26,2.255,103.35,100.78
2021-11-29,2.266,103.35,100.78
2021-11-30,2.213,103.35,100.78
2021-12-01,2.182,103.35,100.78
2021-12-02,2.198,103.35,100.78
2021-12-03,2.234,103.35,100.78
2021-12-06,2.213,103.35,100.78
2021-12-07,2.24,103.35,100.78
2021-12-08,2.185,103.35,100.78
2021-12-09,2.188,103.35,100.78
2021-12-10,2.201,103.35,100.78
2021-12-13,2.169,103.35,100.78
2021-12-14,2.169,103.35,100.78
2021-12-15,2.166,103.35,100.78
2021-12-16,2.147,103.35,100.78
2021-12-17,2.153,103.35,100.78
2021-12-20,2.107,103.87,100.47
2021-12-21,2.099,103.87,100.47
2021-12-22,2.147,103.87,100.47
2021-12-23,2.212,103.87,100.47
2021-12-24,2.206,103.87,100.47
2021-12-27,2.211,103.87,100.47
2021-12-28,2.198,103.87,100.47
2021-12-29,2.18,103.87,100.47
2021-12-30,2.248,103.87,100.47
2022-01-03,2.325,103.87,100.47
2022-01-04,2.32,103.87,100.47
2022-01-05,2.375,103.87,100.47
2022-01-06,2.481,103.87,100.47
2022-01-07,2.458,103.87,100.47
2022-01-10,2.484,103.87,100.47
2022-01-11,2.485,103.87,100.47
2022-01-12,2.428,103.87,100.47
2022-01-13,2.397,103.87,100.47
2022-01-14,2.453,103.87,100.47
2022-01-17,2.568,103.87,100.47
2022-01-18,2.553,103.87,100.47
2022-01-19,2.537,103.87,100.47
2022-01-20,2.558,104.04,100.19
2022-01-21,2.54,104.04,100.19
2022-01-24,2.54,104.04,100.19
2022-01-25,2.576,104.04,100.19
2022-01-26,2.573,104.04,100.19
2022-01-27,2.612,104.04,100.19
2022-01-28,2.586,104.04,100.19
2022-02-03,2.566,104.04,100.19
2022-02-04,2.619,104.04,100.19
2022-02-07,2.638,104.04,100.19
2022-02-08,2.733,104.04,100.19
2022-02-09,2.691,104.04,100.19
2022-02-10,2.686,104.04,100.19
2022-02-11,2.747,104.04,100.19
2022-02-14,2.714,104.04,100.19
2022-02-15,2.71,104.04,100.19
2022-02-16,2.702,104.04,100.19
2022-02-17,2.708,104.04,100.19
2022-02-18,2.728,104.04,100.19
2022-02-21,2.77,104.69,99.95
2022-02-22,2.717,104.69,99.95
2022-02-23,2.722,104.69,99.95
2022-02-24,2.624,104.69,99.95
2022-02-25,2.671,104.69,99.95
2022-02-28,2.675,104.69,99.95
2022-03-02,2.613,104.69,99.95
2022-03-03,2.648,104.69,99.95
2022-03-04,2.658,104.69,99.95
2022-03-07,2.707,104.69,99.95
2022-03-08,2.722,104.69,99.95
2022-03-10,2.726,104.69,99.95
2022-03-11,2.7,104.69,99.95
2022-03-14,2.739,104.69,99.95
2022-03-15,2.753,104.69,99.95
2022-03-16,2.768,104.69,99.95
2022-03-17,2.704,104.69,99.95
2022-03-18,2.737,104.69,99.95
2022-03-21,2.741,105.30,99.73
2022-03-22,2.832,105.30,99.73
2022-03-23,2.828,105.30,99.73
2022-03-24,2.856,105.30,99.73
2022-03-25,2.871,105.30,99.73
2022-03-28,3.031,105.30,99.73
2022-03-29,2.972,105.30,99.73
2022-03-30,2.885,105.30,99.73
2022-03-31,2.969,105.30,99.73
2022-04-01,3.007,105.30,99.73
2022-04-04,3.065,105.30,99.73
2022-04-05,3.08,105.30,99.73
2022-04-06,3.129,105.30,99.73
2022-04-07,3.128,105.30,99.73
2022-04-08,3.169,105.30,99.73
2022-04-11,3.305,105.30,99.73
2022-04-12,3.313,105.30,99.73
2022-04-13,3.287,105.30,99.73
2022-04-14,3.22,105.30,99.73
2022-04-15,3.301,105.30,99.73
2022-04-18,3.355,105.30,99.73
2022-04-19,3.35,105.30,99.73
2022-04-20,3.313,106.06,99.52
2022-04-21,3.296,106.06,99.52
2022-04-22,3.314,106.06,99.52
2022-04-25,3.188,106.06,99.52
2022-04-26,3.19,106.06,99.52
2022-04-27,3.185,106.06,99.52
2022-04-28,3.166,106.06,99.52
2022-04-29,3.242,106.06,99.52
2022-05-02,3.38,106.06,99.52
2022-05-03,3.406,106.06,99.52
2022-05-04,3.434,106.06,99.52
2022-05-06,3.431,106.06,99.52
2022-05-09,3.414,106.06,99.52
2022-05-10,3.403,106.06,99.52
2022-05-11,3.269,106.06,99.52
2022-05-12,3.169,106.06,99.52
2022-05-13,3.221,106.06,99.52
2022-05-16,3.277,106.06,99.52
2022-05-17,3.287,106.06,99.52
2022-05-18,3.32,106.06,99.52
2022-05-19,3.307,106.06,99.52
2022-05-20,3.245,106.85,99.31
2022-05-23,3.258,106.85,99.31
2022-05-24,3.214,106.85,99.31
2022-05-25,3.177,106.85,99.31
2022-05-26,3.238,106.85,99.31
2022-05-27,3.212,106.85,99.31
2022-05-30,3.211,106.85,99.31
2022-05-31,3.326,106.85,99.31
